{
  "categorization": {
    "type": "APPLICATION",
    "category": "Entertainment"
  },
  "description": {
    "texts": {
      "title": "CC Bingo",
      "features": [
        "Game"
      ],
      "short-description": "The app to keep you awake in Campus Community",
      "full-description": "Have you ever been in campus community and wanted something to keep you awake? Well introducing the CC Bingo app, this is a bingo game that uses Nasser's commonly used phases. The board randomly generates everytime so you will never get the same board twice.",
      "keywords": "Campus Community",
      "recent-changes": "",
      "privacy-policy": "",
      "eula": ""
    },
    "images": {
      "screenshots": [
        "www/Store/intel screenshot 2.png",
        "www/Store/screenshot.png",
        "www/Store/intel screenshot 3.png"
      ],
      "app-icon-small": "www/Store/Logo 114.png",
      "app-icon": "www/Store/Logo 512.png",
      "small-promo": "www/Store/promo 180.png",
      "large-promo": "www/Store/promo 1024.png"
    },
    "videos": {
      "video-url": ""
    }
  },
  "packages": {
    "zip-file": "",
    "apk-file": "../App Files/ccbingo.cordova.crosswalk.201604043708/CCBINGO-armv7.android.20160404013832.apk",
    "secondary-apk-file": ""
  },
  "support": {
    "email": "schwinbuilds@gmail.com",
    "website": ""
  },
  "testing-instructions": ""
}